x1,x2,y_true,y_hat_closed,residual_closed,y_hat_sklearn,residual_sklearn
60.0,22.0,140.0,145.570947,-5.570947,145.570947,-5.570947
62.0,25.0,155.0,146.898303,8.101697,146.898303,8.101697
67.0,24.0,159.0,164.293912,-5.293912,164.293912,-5.293912
70.0,20.0,179.0,180.362165,-1.362165,180.362165,-1.362165
71.0,15.0,192.0,191.790774,0.209226,191.790774,0.209226
72.0,14.0,200.0,196.59481,3.40519,196.59481,3.40519
75.0,14.0,212.0,206.03849,5.96151,206.03849,5.96151
78.0,11.0,215.0,220.450599,-5.450599,220.450599,-5.450599
